buttonLabel;buttonValue
A;20
B;0.00001
O;80
AB;0.00001
D;80
C;70
E;10
c;60
e;90
Cw;0.00001
V;10
VS;10
hrS;90
hrB;90
K;10
k;100
Kpa;0.00001
Kpb;100
Jsa;0.00001
Jsb;100
Jka;0.00001
Jkb;100
Fya;80
Fyb;50
Fy3;60
M;30
N;70
S;90
s;70
U;70
Mia;70
Lua;100
Lub;0.00001
Dia;100
Dib;0.00001
Doa;100
Dob;80
Hy;80
Joa;100
Coa;100
Cob;100
Yta;100
Ytb;80
