buttonLabel;buttonValue
A;19
B;23
O;57
AB;1.4
D;93
C;89
E;19
c;23
e;96
Cw;0.00001
V;0.00001
VS;0.00001
hrS;96
hrB;96
K;0.00001
k;100
Kpa;0.00001
Kpb;100
Jsa;0.00001
Jsb;100
Jka;0.00001
Jkb;100
Fya;81
Fyb;53
Fy3;100
M;15
N;100
S;97
s;100
U;100
Mia;100
Lua;99
Lub;4.1
Dia;100
Dib;6.8
Doa;99
Dob;100
Hy;100
Joa;100
Coa;100
Cob;100
Yta;100
Ytb;99
