buttonLabel;buttonValue
A;22
B;29
O;42
AB;6.8
D;91
C;85
E;24
c;57
e;97
Cw;0.5
V;0.00001
VS;0.00001
hrS;97
hrB;97
K;2
k;100
Kpa;0.00001
Kpb;100
Jsa;0.00001
Jsb;100
Jka;100
Jkb;100
Fya;86
Fyb;62
Fy3;82
M;56
N;100
S;87
s;55
U;51
Mia;87
Lua;100
Lub;11
Dia;100
Dib;0.5
Doa;100
Dob;61
Hy;84
Joa;100
Coa;100
Cob;100
Yta;100
Ytb;99
